[
    {
        "id": 1,
        "document_id": 1,
        "text": "Дебил какой - то , заявки игнорить",
        "date_created": "2024-05-01 14:44:44",
        "date_updated": "2024-05-01 14:44:44",
        "author": {
            "name": "Петров Петр",
            "position": "Администратор"
        }
    },
    {
        "id": 2,
        "document_id": 1,
        "text": "Не предоставили все документы",
        "date_created": "2024-01-01",
        "date_updated": "2024-01-02",
        "author": {
            "name": "Петров Петр",
            "position": "Администратор"
        }
    },
    {
        "id": 3,
        "document_id": 3,
        "text": "Он назвал меня слабоумным",
        "date_created": "2024-05-01 14:44:44",
        "date_updated": "2024-05-01 14:44:44",
        "author": {
            "name": "Иван Золо 2004",
            "position": "Тиктикер, лайкер, ютубер, бывший твич-стример и в будущем актер"
        }
    }
]